triangle_id,a,b,c
0,0,2,1
1,0,3,2
2,3,4,2
3,0,6,3
4,3,6,8
5,3,5,4
6,3,8,10
7,3,10,5
8,10,9,5
9,6,7,8
10,0,1,46
11,8,7,44
12,0,46,6
13,8,18,10
14,8,44,18
15,18,44,51
16,10,18,12
17,10,12,11
18,10,11,9
19,12,14,11
20,12,13,16
21,12,15,14
22,12,16,15
23,16,17,15
24,16,20,17
25,12,18,19
26,18,51,19
27,12,19,13
28,13,20,16
29,13,19,20
30,19,52,20
31,20,53,17
32,23,21,22
33,25,22,24
34,23,22,25
35,23,27,21
36,23,29,27
37,23,25,29
38,25,24,26
39,32,26,31
40,25,26,32
41,25,32,34
42,25,34,29
43,27,28,21
44,27,29,30
45,28,64,21
46,27,30,28
47,29,34,40
48,29,40,30
49,32,31,33
50,32,33,38
51,38,33,35
52,32,38,34
53,38,35,36
54,39,36,37
55,38,36,39
56,38,39,41
57,34,38,42
58,34,42,40
59,40,42,74
60,38,41,42
61,39,37,83
62,39,83,41
63,42,41,75
64,7,43,44
65,6,46,7
66,43,45,44
67,7,46,43
68,44,45,51
69,45,54,51
70,43,47,45
71,45,47,48
72,43,46,47
73,47,46,49
74,47,49,48
75,45,48,54
76,48,50,55
77,48,55,54
78,49,46,70
79,48,49,50
80,49,66,50
81,50,66,68
82,50,61,55
83,50,68,61
84,61,68,77
85,19,51,52
86,51,54,52
87,52,54,56
88,20,52,53
89,53,58,17
90,52,56,53
91,53,56,57
92,53,57,58
93,54,55,56
94,55,61,59
95,55,59,56
96,56,59,57
97,57,60,58
98,57,59,60
99,59,61,62
100,61,77,62
101,63,78,58
102,59,62,60
103,60,63,58
104,60,62,63
105,62,79,63
106,64,71,21
107,71,70,21
108,28,65,64
109,30,65,28
110,64,65,72
111,30,73,65
112,30,40,73
113,65,73,81
114,49,70,66
115,66,70,67
116,66,67,68
117,67,69,68
118,69,80,77
119,68,69,77
120,67,70,71
121,64,72,71
122,67,71,69
123,69,71,72
124,69,72,80
125,65,81,72
126,72,81,80
127,40,74,73
128,73,85,81
129,73,74,85
130,41,83,75
131,42,75,74
132,75,83,84
133,74,76,85
134,74,75,76
135,75,84,76
136,79,80,82
137,62,77,79
138,77,80,79
139,84,83,58
140,78,84,58
141,79,82,78
142,78,82,84
143,63,79,78
144,80,81,82
145,81,85,82
146,82,85,84
147,84,85,76
148,2,46,1
149,4,46,2
150,4,5,46
151,9,46,5
152,9,11,58
153,14,58,11
154,14,15,58
155,15,17,58
156,24,22,21
157,24,21,70
158,24,70,26
159,31,26,83
160,31,83,33
161,33,83,35
162,35,83,36
163,37,36,83
164,70,46,58
165,9,58,46
166,26,70,83
167,70,58,83
