vertex_id,x,y,z
0,-12.18074536,-6.1170303,0.0
1,-7.06404817,-6.1170303,0.0
2,-7.06404817,-3.41340814,1.86090226
3,-12.18074536,-6.1170303,3.72180451
4,-9.62239677,-3.5586817,3.72180451
5,-7.06404817,-6.1170303,3.72180451
6,-7.06404817,-3.41340814,3.72180451
7,-12.18074536,-1.00033311,0.0
8,-9.62239677,-1.00033311,1.86090226
9,-9.62239677,-0.05976378,1.86090226
10,-7.06404817,-2.78765303,1.86090226
11,-7.06404817,-2.24710217,1.86090226
12,-7.06404817,-1.63459309,1.86090226
13,-7.06404817,-1.00033311,0.0
14,-7.06404817,-1.08079619,1.86090226
15,-7.06404817,-1.00033311,1.86090226
16,-12.18074536,-1.00033311,3.72180451
17,-9.62239677,-1.00033311,3.72180451
18,-9.62239677,-0.05976378,3.72180451
19,-4.10244025,-3.24523586,1.86090226
20,-3.03292545,-3.0614596,4.47609023
21,-4.23446983,-2.08642706,1.86090226
22,-4.36649941,-0.92761827,1.86090226
23,-1.66889011,-2.97139502,4.47609023
24,-9.62239677,-3.5586817,5.58270677
25,-9.62239677,-3.5586817,7.44360902
26,-9.62239677,-3.5586817,9.30451128
27,-9.62239677,-2.39237573,5.58270677
28,-9.62239677,-1.22606975,5.58270677
29,-9.62239677,-0.05976378,5.58270677
30,-9.62239677,-2.39237573,7.44360902
31,-9.62239677,-2.39237573,9.30451128
32,-9.62239677,-1.22606975,7.44360902
33,-9.62239677,-0.05976378,7.44360902
34,-9.62239677,-1.22606975,9.30451128
35,-9.62239677,-0.05976378,9.30451128
36,-3.03292545,-3.0614596,7.28481203
37,-4.10244025,-3.24523586,7.44360902
38,-4.10244025,-3.24523586,9.30451128
39,-1.66889011,-2.97139502,5.88045113
40,-2.34016821,-2.94242214,7.28481203
41,-1.66889011,-2.97139502,7.28481203
42,-0.99155935,-2.83606164,7.25503759
43,-0.99155935,-2.83606164,7.28481203
44,-3.20970867,-3.01100004,9.30451128
45,-3.20970867,-3.01100004,9.9
46,-4.23446983,-2.08642706,9.30451128
47,-3.20970867,-1.84469406,9.9
48,-4.36649941,-0.92761827,9.30451128
49,-3.20970867,-0.67838808,9.9
50,-2.34016821,-2.94242214,9.30451128
51,-9.62239677,1.1065422,1.86090226
52,-9.62239677,1.1065422,3.72180451
53,-6.41605272,1.28861161,4.47609023
54,-6.41605272,1.38038303,4.47609023
55,-4.63055858,1.38999931,1.86090226
56,-4.498529,0.23119052,1.86090226
57,-4.63055858,1.38999931,4.47609023
58,-3.60718491,1.56584707,4.47609023
59,-9.62239677,1.1065422,5.58270677
60,-6.41605272,1.38038303,5.88045113
61,-6.41605272,1.28861161,7.28481203
62,-6.41605272,1.38038303,7.28481203
63,-9.62239677,1.1065422,7.44360902
64,-9.62239677,1.1065422,9.30451128
65,-4.63055858,1.38999931,7.28481203
66,-3.60718491,1.56584707,7.28481203
67,-3.20970867,1.63414598,7.25503759
68,-3.20970867,1.65422387,7.25503759
69,-2.99373521,1.67125701,7.25503759
70,-4.63055858,1.38999931,7.44360902
71,-4.63055858,1.38999931,9.30451128
72,-4.498529,0.23119052,9.30451128
73,-3.20970867,0.48791789,9.9
74,-3.20970867,1.65422387,8.03909774
75,-3.20970867,1.63414598,9.30451128
76,-3.20970867,1.65422387,9.9
77,-2.99373521,1.67125701,9.30451128
78,1.34655012,-2.30892807,1.86090226
79,1.08418836,-1.17251444,1.86090226
80,0.8218266,-0.03610081,1.86090226
81,1.34655012,-2.30892807,3.72180451
82,1.34655012,-2.30892807,4.47609023
83,3.0172416,-2.03508723,4.47609023
84,6.65452054,-0.76179578,1.86090226
85,6.65452054,-0.76179578,3.72180451
86,6.65452054,-0.76179578,4.47609023
87,7.58209617,-0.48795494,4.47609023
88,3.0172416,-2.03508723,5.88045113
89,0.76466002,-2.69755419,7.25503759
90,3.0172416,-2.03508723,7.25503759
91,4.68793309,-1.7612464,7.25503759
92,0.76466002,-2.69755419,8.03909774
93,0.76466002,-2.69755419,9.9
94,0.66959872,-1.5387454,9.9
95,0.57453742,-0.3799366,9.9
96,4.68793309,-1.7612464,8.03909774
97,4.68793309,-1.7612464,9.9
98,4.49903262,-0.62483277,9.9
99,7.58209617,-0.48795494,5.88045113
100,7.58209617,-0.48795494,7.25503759
101,8.50967179,-0.21411411,7.25503759
102,8.50967179,-0.21411411,8.03909774
103,8.50967179,-0.21411411,9.9
104,0.55946485,1.10031282,1.86090226
105,0.29710309,2.23672645,1.86090226
106,5.87587867,1.43702103,1.86090226
107,5.48655774,2.53642943,1.86090226
108,5.0972368,3.63583784,1.86090226
109,5.0972368,3.63583784,3.72180451
110,6.26519961,0.33761263,1.86090226
111,11.75323021,1.37627063,1.86090226
112,11.24195533,2.4245395,1.86090226
113,9.26855221,0.33435867,4.47609023
114,9.26855221,0.33435867,4.50586466
115,11.75323021,1.37627063,3.72180451
116,11.68639803,1.51329692,4.47609023
117,11.75323021,1.37627063,4.50586466
118,11.96698648,1.65011147,4.47609023
119,9.70813066,5.5693461,1.86090226
120,10.21940555,4.52107723,3.72180451
121,10.21940555,4.52107723,3.91674648
122,10.73068044,3.47280837,3.98468748
123,10.73068044,3.47280837,4.47609023
124,9.70813066,5.5693461,3.72180451
125,9.26855221,5.38501556,4.47609023
126,9.70813066,5.5693461,4.47609023
127,10.20820087,5.84318694,4.47609023
128,0.29710309,2.23672645,5.58270677
129,0.47947612,0.77887219,9.9
130,0.29710309,2.23672645,7.44360902
131,0.29710309,2.23672645,9.30451128
132,0.38441482,1.93768098,9.30451128
133,0.38441482,1.93768098,9.9
134,4.31013215,0.51158086,9.9
135,4.12123169,1.64799449,9.9
136,3.93233122,2.78440812,9.30451128
137,3.93233122,2.78440812,9.9
138,5.0972368,3.63583784,5.58270677
139,5.0972368,3.63583784,7.44360902
140,5.0972368,3.63583784,9.30451128
141,11.75323021,1.37627063,5.58270677
142,9.26855221,0.33435867,7.25503759
143,9.92158848,0.60819951,7.25503759
144,11.68639803,1.51329692,7.28481203
145,11.96698648,1.65011147,5.88045113
146,11.52729008,2.69838033,5.88045113
147,11.63977528,1.60888773,7.28481203
148,11.96698648,1.65011147,7.28481203
149,11.91664164,1.77013732,7.25503759
150,11.91664164,1.77013732,7.28481203
151,12.18074275,1.9239523,7.25503759
152,8.22936072,0.88529429,9.9
153,7.94904964,1.9847027,9.9
154,11.75323021,1.37627063,7.44360902
155,9.92158848,0.60819951,9.30451128
156,11.75323021,1.37627063,9.30451128
157,12.18074275,1.9239523,8.03909774
158,11.81262483,2.97222117,8.03909774
159,11.63977528,1.60888773,9.30451128
160,12.18074275,1.9239523,9.9
161,11.81262483,2.97222117,9.9
162,11.08759368,3.7466492,5.88045113
163,10.64789727,4.79491807,5.88045113
164,10.20820087,5.84318694,5.88045113
165,9.26855221,5.38501556,7.28481203
166,9.72135259,5.54223712,7.28481203
167,9.70813066,5.5693461,7.28481203
168,10.21406801,5.82919924,7.25503759
169,10.21406801,5.82919924,7.28481203
170,10.20820087,5.84318694,7.28481203
171,10.70827108,6.11702777,7.25503759
172,7.3884275,4.18351951,9.30451128
173,7.3884275,4.18351951,9.9
174,7.66873857,3.0841111,9.9
175,11.44450692,4.02049004,8.03909774
176,11.44450692,4.02049004,9.9
177,9.70813066,5.5693461,7.44360902
178,11.076389,5.0687589,8.03909774
179,10.70827108,6.11702777,8.03909774
180,9.72135259,5.54223712,9.30451128
181,9.70813066,5.5693461,9.30451128
182,11.076389,5.0687589,9.9
183,10.70827108,6.11702777,9.9
